year,artist,title,spotify_query,spotify_id
1930,Bing Crosby,White Christmas,Bing Crosby White Christmas,3XsaSIPWvM61RIFfeb0BBR
1931,Glenn Miller,In the Mood,Glenn Miller In the Mood,54h1RKrrFJDsNOfhwmqu9o
1932,The Andrews Sisters,Boogie Woogie Bugle Boy,The Andrews Sisters Boogie Woogie Bugle Boy,3axPhcbhVDOA9MnhkUrFcE
1933,Frank Sinatra,I'll Never Smile Again,Frank Sinatra I'll Never Smile Again,2Pi0rY9FcbaecqO0AyhXbu
1934,Patti Page,Tennessee Waltz,Patti Page Tennessee Waltz,4W0sbtVR0pqOo2d7qAHhGr
1935,Bing Crosby,White Christmas,Bing Crosby White Christmas,3XsaSIPWvM61RIFfeb0BBR
1936,Glenn Miller,In the Mood,Glenn Miller In the Mood,54h1RKrrFJDsNOfhwmqu9o
1937,The Andrews Sisters,Boogie Woogie Bugle Boy,The Andrews Sisters Boogie Woogie Bugle Boy,3axPhcbhVDOA9MnhkUrFcE
1938,Frank Sinatra,I'll Never Smile Again,Frank Sinatra I'll Never Smile Again,2Pi0rY9FcbaecqO0AyhXbu
1939,Patti Page,Tennessee Waltz,Patti Page Tennessee Waltz,4W0sbtVR0pqOo2d7qAHhGr
1940,Bing Crosby,White Christmas,Bing Crosby White Christmas,3XsaSIPWvM61RIFfeb0BBR
1941,Glenn Miller,In the Mood,Glenn Miller In the Mood,54h1RKrrFJDsNOfhwmqu9o
1942,The Andrews Sisters,Boogie Woogie Bugle Boy,The Andrews Sisters Boogie Woogie Bugle Boy,3axPhcbhVDOA9MnhkUrFcE
1943,Frank Sinatra,I'll Never Smile Again,Frank Sinatra I'll Never Smile Again,2Pi0rY9FcbaecqO0AyhXbu
1944,Patti Page,Tennessee Waltz,Patti Page Tennessee Waltz,4W0sbtVR0pqOo2d7qAHhGr
1945,Bing Crosby,White Christmas,Bing Crosby White Christmas,3XsaSIPWvM61RIFfeb0BBR
1946,Glenn Miller,In the Mood,Glenn Miller In the Mood,54h1RKrrFJDsNOfhwmqu9o
1947,The Andrews Sisters,Boogie Woogie Bugle Boy,The Andrews Sisters Boogie Woogie Bugle Boy,3axPhcbhVDOA9MnhkUrFcE
1948,Frank Sinatra,I'll Never Smile Again,Frank Sinatra I'll Never Smile Again,2Pi0rY9FcbaecqO0AyhXbu
1949,Patti Page,Tennessee Waltz,Patti Page Tennessee Waltz,4W0sbtVR0pqOo2d7qAHhGr
1950,Bing Crosby,White Christmas,Bing Crosby White Christmas,3XsaSIPWvM61RIFfeb0BBR
1951,Glenn Miller,In the Mood,Glenn Miller In the Mood,54h1RKrrFJDsNOfhwmqu9o
1952,The Andrews Sisters,Boogie Woogie Bugle Boy,The Andrews Sisters Boogie Woogie Bugle Boy,3axPhcbhVDOA9MnhkUrFcE
1953,Frank Sinatra,I'll Never Smile Again,Frank Sinatra I'll Never Smile Again,2Pi0rY9FcbaecqO0AyhXbu
1954,Patti Page,Tennessee Waltz,Patti Page Tennessee Waltz,4W0sbtVR0pqOo2d7qAHhGr
1955,Bing Crosby,White Christmas,Bing Crosby White Christmas,3XsaSIPWvM61RIFfeb0BBR
1956,Glenn Miller,In the Mood,Glenn Miller In the Mood,54h1RKrrFJDsNOfhwmqu9o
1957,The Andrews Sisters,Boogie Woogie Bugle Boy,The Andrews Sisters Boogie Woogie Bugle Boy,3axPhcbhVDOA9MnhkUrFcE
1958,David Seville,Witch Doctor,David Seville Witch Doctor,5qDzpN8imyZ3qyRAcclRkI
1958,Domenico Modugno,Volare,Domenico Modugno Volare,71hIekopkrYCGgggsBOpVG
1958,Elvis Presley,Don't,Elvis Presley Don't,1MUsWVRPLaC7ANKcEiMRCl
1958,Perez Prado,Patricia,Perez Prado Patricia,1BbZJplex0pifLjhuhoaK5
1958,The Everly Brothers,All I Have to Do Is Dream,The Everly Brothers All I Have to Do Is Dream,7dblNGnRXEBrVJunazs2U5
1960,Brenda Lee,I'm Sorry,Brenda Lee I'm Sorry,4LJcNiq2pBb8OeqrGdBJQw
1960,Elvis Presley,It's Now or Never,Elvis Presley It's Now or Never,1XunTmhOcj3xwh4b8P3isX
1960,Johnny Preston,Running Bear,Johnny Preston Running Bear,3MM9NBVyHtjHWVQekES04q
1960,Percy Faith,Theme from A Summer Place,Percy Faith Theme from A Summer Place,6zwvB879PJSpTyFcg2wwnL
1960,The Brothers Four,Greenfields,The Brothers Four Greenfields,7LAsDdinXejDwodvelVVTa
1965,The Beach Boys,"Help Me, Rhonda","The Beach Boys Help Me, Rhonda",3haZcHm3HydDVxm3je3Zmg
1965,The Beatles,I Want to Hold Your Hand,The Beatles I Want to Hold Your Hand,5Qe7NHxeLAn8KoLTNLSdwe
1965,The Byrds,Mr. Tambourine Man,The Byrds Mr. Tambourine Man,2HCaIYjkvWSZzaSKUoOh3d
1965,The Rolling Stones,(I Can't Get No) Satisfaction,The Rolling Stones (I Can't Get No) Satisfaction,2PzU4IB8Dr6mxV3lHuaG34
1965,The Supremes,Stop! In the Name of Love,The Supremes Stop! In the Name of Love,52FlwUMMDnTK8TGkCag9Jd
1970,B.J. Thomas,Raindrops Keep Fallin' on My Head,B.J. Thomas Raindrops Keep Fallin' on My Head,2s1Yh0AywJhLsKKZ9vM0tm
1970,Carpenters,(They Long to Be) Close to You,Carpenters (They Long to Be) Close to You,2kyVQg00pphEufGT59M2XH
1970,Edwin Starr,War,Edwin Starr War,4ZEEcEMGjkWOfZNBcIB9yE
1970,Simon & Garfunkel,Bridge Over Troubled Water,Simon & Garfunkel Bridge Over Troubled Water,6l8EbYRtQMgKOyc1gcDHF9
1970,The Guess Who,American Woman,The Guess Who American Woman,0emHuukZSuaOzOlsAWHj2W
1975,Captain & Tennille,Love Will Keep Us Together,Captain & Tennille Love Will Keep Us Together,4pCNJwixy2ImFncaPY2yE2
1975,Eagles,One of These Nights,Eagles One of These Nights,608xszaAxVh4m7NcKJiAbF
1975,"Earth, Wind & Fire",Shining Star,"Earth, Wind & Fire Shining Star",0RgcOUQg4qYAEt9RIdf3oB
1975,KC & The Sunshine Band,That's the Way (I Like It),KC & The Sunshine Band That's the Way (I Like It),3PR79C1jVvLLLmgdyHkXl3
1975,Olivia Newton-John,Have You Never Been Mellow,Olivia Newton-John Have You Never Been Mellow,5ehVOC0zSdwWqyZlhomJSi
1980,Blondie,Call Me,Blondie Call Me,7HKxTNVlkHsfMLhigmhC0I
1980,Kenny Rogers,Lady,Kenny Rogers Lady,5Pj5zrq2nbKcAekH1AxbrO
1980,Olivia Newton-John,Magic,Olivia Newton-John Magic,4i06mRZuqg31xNuDvs4Lsd
1980,Pink Floyd,Another Brick in the Wall,Pink Floyd Another Brick in the Wall,4gMgiXfqyzZLMhsksGmbQV
1980,Queen,Crazy Little Thing Called Love,Queen Crazy Little Thing Called Love,6xdLJrVj4vIXwhuG8TMopk
1981,Aki Sirkesalo,Naispaholainen,Aki Sirkesalo Naispaholainen,6NnlKsBKcZjwRkG85lZALl
1981,Bomfunk MC's,Freestyler,Bomfunk MC's Freestyler,2vlgOAH3M8Fmo19wOjeRyw
1981,Cha Cha Cha,Käärijä,Cha Cha Cha Käärijä,
1981,Cheek,Timantit on ikuisia,Cheek Timantit on ikuisia,0wrhLxy4aDAQ0z3FOa4aoe
1981,Darude,Sandstorm,Darude Sandstorm,6Sy9BUbgFse0n0LPA5lwy5
1981,Dingo,Levoton Tuhkimo,Dingo Levoton Tuhkimo,30Ycic1p43sN4KlzK9MX4G
1981,Haloo Helsinki!,Beibi,Haloo Helsinki! Beibi,4zD8z85QgLsmM7vbnkTMCb
1981,JVG,Ikuinen vappu,JVG Ikuinen vappu,4ycKgmGOtvuJZVPyvBpVVU
1981,Lordi,Hard Rock Hallelujah,Lordi Hard Rock Hallelujah,7sZTvm0Sx8umbyQViTE2Qc
1981,Nightwish,Nemo,Nightwish Nemo,1RNwniZkJqdw9LMkkyynjx
1982,Aki Sirkesalo,Naispaholainen,Aki Sirkesalo Naispaholainen,6NnlKsBKcZjwRkG85lZALl
1982,Bomfunk MC's,Freestyler,Bomfunk MC's Freestyler,2vlgOAH3M8Fmo19wOjeRyw
1982,Cha Cha Cha,Käärijä,Cha Cha Cha Käärijä,
1982,Cheek,Timantit on ikuisia,Cheek Timantit on ikuisia,0wrhLxy4aDAQ0z3FOa4aoe
1982,Darude,Sandstorm,Darude Sandstorm,6Sy9BUbgFse0n0LPA5lwy5
1982,Dingo,Levoton Tuhkimo,Dingo Levoton Tuhkimo,30Ycic1p43sN4KlzK9MX4G
1982,Haloo Helsinki!,Beibi,Haloo Helsinki! Beibi,4zD8z85QgLsmM7vbnkTMCb
1982,JVG,Ikuinen vappu,JVG Ikuinen vappu,4ycKgmGOtvuJZVPyvBpVVU
1982,Lordi,Hard Rock Hallelujah,Lordi Hard Rock Hallelujah,7sZTvm0Sx8umbyQViTE2Qc
1982,Nightwish,Nemo,Nightwish Nemo,1RNwniZkJqdw9LMkkyynjx
1983,Aki Sirkesalo,Naispaholainen,Aki Sirkesalo Naispaholainen,6NnlKsBKcZjwRkG85lZALl
1983,Bomfunk MC's,Freestyler,Bomfunk MC's Freestyler,2vlgOAH3M8Fmo19wOjeRyw
1983,Cha Cha Cha,Käärijä,Cha Cha Cha Käärijä,
1983,Cheek,Timantit on ikuisia,Cheek Timantit on ikuisia,0wrhLxy4aDAQ0z3FOa4aoe
1983,Darude,Sandstorm,Darude Sandstorm,6Sy9BUbgFse0n0LPA5lwy5
1983,Dingo,Levoton Tuhkimo,Dingo Levoton Tuhkimo,30Ycic1p43sN4KlzK9MX4G
1983,Haloo Helsinki!,Beibi,Haloo Helsinki! Beibi,4zD8z85QgLsmM7vbnkTMCb
1983,JVG,Ikuinen vappu,JVG Ikuinen vappu,4ycKgmGOtvuJZVPyvBpVVU
1983,Lordi,Hard Rock Hallelujah,Lordi Hard Rock Hallelujah,7sZTvm0Sx8umbyQViTE2Qc
1983,Nightwish,Nemo,Nightwish Nemo,1RNwniZkJqdw9LMkkyynjx
1984,Aki Sirkesalo,Naispaholainen,Aki Sirkesalo Naispaholainen,6NnlKsBKcZjwRkG85lZALl
1984,Bomfunk MC's,Freestyler,Bomfunk MC's Freestyler,2vlgOAH3M8Fmo19wOjeRyw
1984,Cha Cha Cha,Käärijä,Cha Cha Cha Käärijä,
1984,Cheek,Timantit on ikuisia,Cheek Timantit on ikuisia,0wrhLxy4aDAQ0z3FOa4aoe
1984,Darude,Sandstorm,Darude Sandstorm,6Sy9BUbgFse0n0LPA5lwy5
1984,Dingo,Levoton Tuhkimo,Dingo Levoton Tuhkimo,30Ycic1p43sN4KlzK9MX4G
1984,Haloo Helsinki!,Beibi,Haloo Helsinki! Beibi,4zD8z85QgLsmM7vbnkTMCb
1984,JVG,Ikuinen vappu,JVG Ikuinen vappu,4ycKgmGOtvuJZVPyvBpVVU
1984,Lordi,Hard Rock Hallelujah,Lordi Hard Rock Hallelujah,7sZTvm0Sx8umbyQViTE2Qc
1984,Nightwish,Nemo,Nightwish Nemo,1RNwniZkJqdw9LMkkyynjx
1985,Aki Sirkesalo,Naispaholainen,Aki Sirkesalo Naispaholainen,6NnlKsBKcZjwRkG85lZALl
1985,Bomfunk MC's,Freestyler,Bomfunk MC's Freestyler,2vlgOAH3M8Fmo19wOjeRyw
1985,Cha Cha Cha,Käärijä,Cha Cha Cha Käärijä,
1985,Cheek,Timantit on ikuisia,Cheek Timantit on ikuisia,0wrhLxy4aDAQ0z3FOa4aoe
1985,Darude,Sandstorm,Darude Sandstorm,6Sy9BUbgFse0n0LPA5lwy5
1985,Dingo,Levoton Tuhkimo,Dingo Levoton Tuhkimo,30Ycic1p43sN4KlzK9MX4G
1985,Haloo Helsinki!,Beibi,Haloo Helsinki! Beibi,4zD8z85QgLsmM7vbnkTMCb
1985,JVG,Ikuinen vappu,JVG Ikuinen vappu,4ycKgmGOtvuJZVPyvBpVVU
1985,Lordi,Hard Rock Hallelujah,Lordi Hard Rock Hallelujah,7sZTvm0Sx8umbyQViTE2Qc
1985,Nightwish,Nemo,Nightwish Nemo,1RNwniZkJqdw9LMkkyynjx
1986,Aki Sirkesalo,Naispaholainen,Aki Sirkesalo Naispaholainen,6NnlKsBKcZjwRkG85lZALl
1986,Bomfunk MC's,Freestyler,Bomfunk MC's Freestyler,2vlgOAH3M8Fmo19wOjeRyw
1986,Cha Cha Cha,Käärijä,Cha Cha Cha Käärijä,
1986,Cheek,Timantit on ikuisia,Cheek Timantit on ikuisia,0wrhLxy4aDAQ0z3FOa4aoe
1986,Darude,Sandstorm,Darude Sandstorm,6Sy9BUbgFse0n0LPA5lwy5
1986,Dingo,Levoton Tuhkimo,Dingo Levoton Tuhkimo,30Ycic1p43sN4KlzK9MX4G
1986,Haloo Helsinki!,Beibi,Haloo Helsinki! Beibi,4zD8z85QgLsmM7vbnkTMCb
1986,JVG,Ikuinen vappu,JVG Ikuinen vappu,4ycKgmGOtvuJZVPyvBpVVU
1986,Lordi,Hard Rock Hallelujah,Lordi Hard Rock Hallelujah,7sZTvm0Sx8umbyQViTE2Qc
1986,Nightwish,Nemo,Nightwish Nemo,1RNwniZkJqdw9LMkkyynjx
1987,Aki Sirkesalo,Naispaholainen,Aki Sirkesalo Naispaholainen,6NnlKsBKcZjwRkG85lZALl
1987,Bomfunk MC's,Freestyler,Bomfunk MC's Freestyler,2vlgOAH3M8Fmo19wOjeRyw
1987,Cha Cha Cha,Käärijä,Cha Cha Cha Käärijä,
1987,Cheek,Timantit on ikuisia,Cheek Timantit on ikuisia,0wrhLxy4aDAQ0z3FOa4aoe
1987,Darude,Sandstorm,Darude Sandstorm,6Sy9BUbgFse0n0LPA5lwy5
1987,Dingo,Levoton Tuhkimo,Dingo Levoton Tuhkimo,30Ycic1p43sN4KlzK9MX4G
1987,Haloo Helsinki!,Beibi,Haloo Helsinki! Beibi,4zD8z85QgLsmM7vbnkTMCb
1987,JVG,Ikuinen vappu,JVG Ikuinen vappu,4ycKgmGOtvuJZVPyvBpVVU
1987,Lordi,Hard Rock Hallelujah,Lordi Hard Rock Hallelujah,7sZTvm0Sx8umbyQViTE2Qc
1987,Nightwish,Nemo,Nightwish Nemo,1RNwniZkJqdw9LMkkyynjx
1988,Aki Sirkesalo,Naispaholainen,Aki Sirkesalo Naispaholainen,6NnlKsBKcZjwRkG85lZALl
1988,Bomfunk MC's,Freestyler,Bomfunk MC's Freestyler,2vlgOAH3M8Fmo19wOjeRyw
1988,Cha Cha Cha,Käärijä,Cha Cha Cha Käärijä,
1988,Cheek,Timantit on ikuisia,Cheek Timantit on ikuisia,0wrhLxy4aDAQ0z3FOa4aoe
1988,Darude,Sandstorm,Darude Sandstorm,6Sy9BUbgFse0n0LPA5lwy5
1988,Dingo,Levoton Tuhkimo,Dingo Levoton Tuhkimo,30Ycic1p43sN4KlzK9MX4G
1988,Haloo Helsinki!,Beibi,Haloo Helsinki! Beibi,4zD8z85QgLsmM7vbnkTMCb
1988,JVG,Ikuinen vappu,JVG Ikuinen vappu,4ycKgmGOtvuJZVPyvBpVVU
1988,Lordi,Hard Rock Hallelujah,Lordi Hard Rock Hallelujah,7sZTvm0Sx8umbyQViTE2Qc
1988,Nightwish,Nemo,Nightwish Nemo,1RNwniZkJqdw9LMkkyynjx
1989,Aki Sirkesalo,Naispaholainen,Aki Sirkesalo Naispaholainen,6NnlKsBKcZjwRkG85lZALl
1989,Bomfunk MC's,Freestyler,Bomfunk MC's Freestyler,2vlgOAH3M8Fmo19wOjeRyw
1989,Cha Cha Cha,Käärijä,Cha Cha Cha Käärijä,
1989,Cheek,Timantit on ikuisia,Cheek Timantit on ikuisia,0wrhLxy4aDAQ0z3FOa4aoe
1989,Darude,Sandstorm,Darude Sandstorm,6Sy9BUbgFse0n0LPA5lwy5
1989,Dingo,Levoton Tuhkimo,Dingo Levoton Tuhkimo,30Ycic1p43sN4KlzK9MX4G
1989,Haloo Helsinki!,Beibi,Haloo Helsinki! Beibi,4zD8z85QgLsmM7vbnkTMCb
1989,JVG,Ikuinen vappu,JVG Ikuinen vappu,4ycKgmGOtvuJZVPyvBpVVU
1989,Lordi,Hard Rock Hallelujah,Lordi Hard Rock Hallelujah,7sZTvm0Sx8umbyQViTE2Qc
1989,Nightwish,Nemo,Nightwish Nemo,1RNwniZkJqdw9LMkkyynjx
1990,Aki Sirkesalo,Naispaholainen,Aki Sirkesalo Naispaholainen,6NnlKsBKcZjwRkG85lZALl
1990,Bomfunk MC's,Freestyler,Bomfunk MC's Freestyler,2vlgOAH3M8Fmo19wOjeRyw
1990,Cha Cha Cha,Käärijä,Cha Cha Cha Käärijä,
1990,Cheek,Timantit on ikuisia,Cheek Timantit on ikuisia,0wrhLxy4aDAQ0z3FOa4aoe
1990,Darude,Sandstorm,Darude Sandstorm,6Sy9BUbgFse0n0LPA5lwy5
1990,Dingo,Levoton Tuhkimo,Dingo Levoton Tuhkimo,30Ycic1p43sN4KlzK9MX4G
1990,Haloo Helsinki!,Beibi,Haloo Helsinki! Beibi,4zD8z85QgLsmM7vbnkTMCb
1990,JVG,Ikuinen vappu,JVG Ikuinen vappu,4ycKgmGOtvuJZVPyvBpVVU
1990,Lordi,Hard Rock Hallelujah,Lordi Hard Rock Hallelujah,7sZTvm0Sx8umbyQViTE2Qc
1990,Nightwish,Nemo,Nightwish Nemo,1RNwniZkJqdw9LMkkyynjx
1991,Aki Sirkesalo,Naispaholainen,Aki Sirkesalo Naispaholainen,6NnlKsBKcZjwRkG85lZALl
1991,Bomfunk MC's,Freestyler,Bomfunk MC's Freestyler,2vlgOAH3M8Fmo19wOjeRyw
1991,Cha Cha Cha,Käärijä,Cha Cha Cha Käärijä,
1991,Cheek,Timantit on ikuisia,Cheek Timantit on ikuisia,0wrhLxy4aDAQ0z3FOa4aoe
1991,Darude,Sandstorm,Darude Sandstorm,6Sy9BUbgFse0n0LPA5lwy5
1991,Dingo,Levoton Tuhkimo,Dingo Levoton Tuhkimo,30Ycic1p43sN4KlzK9MX4G
1991,Haloo Helsinki!,Beibi,Haloo Helsinki! Beibi,4zD8z85QgLsmM7vbnkTMCb
1991,JVG,Ikuinen vappu,JVG Ikuinen vappu,4ycKgmGOtvuJZVPyvBpVVU
1991,Lordi,Hard Rock Hallelujah,Lordi Hard Rock Hallelujah,7sZTvm0Sx8umbyQViTE2Qc
1991,Nightwish,Nemo,Nightwish Nemo,1RNwniZkJqdw9LMkkyynjx
1992,Aki Sirkesalo,Naispaholainen,Aki Sirkesalo Naispaholainen,6NnlKsBKcZjwRkG85lZALl
1992,Bomfunk MC's,Freestyler,Bomfunk MC's Freestyler,2vlgOAH3M8Fmo19wOjeRyw
1992,Cha Cha Cha,Käärijä,Cha Cha Cha Käärijä,
1992,Cheek,Timantit on ikuisia,Cheek Timantit on ikuisia,0wrhLxy4aDAQ0z3FOa4aoe
1992,Darude,Sandstorm,Darude Sandstorm,6Sy9BUbgFse0n0LPA5lwy5
1992,Dingo,Levoton Tuhkimo,Dingo Levoton Tuhkimo,30Ycic1p43sN4KlzK9MX4G
1992,Haloo Helsinki!,Beibi,Haloo Helsinki! Beibi,4zD8z85QgLsmM7vbnkTMCb
1992,JVG,Ikuinen vappu,JVG Ikuinen vappu,4ycKgmGOtvuJZVPyvBpVVU
1992,Lordi,Hard Rock Hallelujah,Lordi Hard Rock Hallelujah,7sZTvm0Sx8umbyQViTE2Qc
1992,Nightwish,Nemo,Nightwish Nemo,1RNwniZkJqdw9LMkkyynjx
1993,Aki Sirkesalo,Naispaholainen,Aki Sirkesalo Naispaholainen,6NnlKsBKcZjwRkG85lZALl
1993,Bomfunk MC's,Freestyler,Bomfunk MC's Freestyler,2vlgOAH3M8Fmo19wOjeRyw
1993,Cha Cha Cha,Käärijä,Cha Cha Cha Käärijä,
1993,Cheek,Timantit on ikuisia,Cheek Timantit on ikuisia,0wrhLxy4aDAQ0z3FOa4aoe
1993,Darude,Sandstorm,Darude Sandstorm,6Sy9BUbgFse0n0LPA5lwy5
1993,Dingo,Levoton Tuhkimo,Dingo Levoton Tuhkimo,30Ycic1p43sN4KlzK9MX4G
1993,Haloo Helsinki!,Beibi,Haloo Helsinki! Beibi,4zD8z85QgLsmM7vbnkTMCb
1993,JVG,Ikuinen vappu,JVG Ikuinen vappu,4ycKgmGOtvuJZVPyvBpVVU
1993,Lordi,Hard Rock Hallelujah,Lordi Hard Rock Hallelujah,7sZTvm0Sx8umbyQViTE2Qc
1993,Nightwish,Nemo,Nightwish Nemo,1RNwniZkJqdw9LMkkyynjx
1994,Aki Sirkesalo,Naispaholainen,Aki Sirkesalo Naispaholainen,6NnlKsBKcZjwRkG85lZALl
1994,Bomfunk MC's,Freestyler,Bomfunk MC's Freestyler,2vlgOAH3M8Fmo19wOjeRyw
1994,Cha Cha Cha,Käärijä,Cha Cha Cha Käärijä,
1994,Cheek,Timantit on ikuisia,Cheek Timantit on ikuisia,0wrhLxy4aDAQ0z3FOa4aoe
1994,Darude,Sandstorm,Darude Sandstorm,6Sy9BUbgFse0n0LPA5lwy5
1994,Dingo,Levoton Tuhkimo,Dingo Levoton Tuhkimo,30Ycic1p43sN4KlzK9MX4G
1994,Haloo Helsinki!,Beibi,Haloo Helsinki! Beibi,4zD8z85QgLsmM7vbnkTMCb
1994,JVG,Ikuinen vappu,JVG Ikuinen vappu,4ycKgmGOtvuJZVPyvBpVVU
1994,Lordi,Hard Rock Hallelujah,Lordi Hard Rock Hallelujah,7sZTvm0Sx8umbyQViTE2Qc
1994,Nightwish,Nemo,Nightwish Nemo,1RNwniZkJqdw9LMkkyynjx
1995,Aki Sirkesalo,Naispaholainen,Aki Sirkesalo Naispaholainen,6NnlKsBKcZjwRkG85lZALl
1995,Bomfunk MC's,Freestyler,Bomfunk MC's Freestyler,2vlgOAH3M8Fmo19wOjeRyw
1995,Cha Cha Cha,Käärijä,Cha Cha Cha Käärijä,
1995,Cheek,Timantit on ikuisia,Cheek Timantit on ikuisia,0wrhLxy4aDAQ0z3FOa4aoe
1995,Darude,Sandstorm,Darude Sandstorm,6Sy9BUbgFse0n0LPA5lwy5
1995,Dingo,Levoton Tuhkimo,Dingo Levoton Tuhkimo,30Ycic1p43sN4KlzK9MX4G
1995,Haloo Helsinki!,Beibi,Haloo Helsinki! Beibi,4zD8z85QgLsmM7vbnkTMCb
1995,JVG,Ikuinen vappu,JVG Ikuinen vappu,4ycKgmGOtvuJZVPyvBpVVU
1995,Lordi,Hard Rock Hallelujah,Lordi Hard Rock Hallelujah,7sZTvm0Sx8umbyQViTE2Qc
1995,Nightwish,Nemo,Nightwish Nemo,1RNwniZkJqdw9LMkkyynjx
1996,Aki Sirkesalo,Naispaholainen,Aki Sirkesalo Naispaholainen,6NnlKsBKcZjwRkG85lZALl
1996,Bomfunk MC's,Freestyler,Bomfunk MC's Freestyler,2vlgOAH3M8Fmo19wOjeRyw
1996,Cha Cha Cha,Käärijä,Cha Cha Cha Käärijä,
1996,Cheek,Timantit on ikuisia,Cheek Timantit on ikuisia,0wrhLxy4aDAQ0z3FOa4aoe
1996,Darude,Sandstorm,Darude Sandstorm,6Sy9BUbgFse0n0LPA5lwy5
1996,Dingo,Levoton Tuhkimo,Dingo Levoton Tuhkimo,30Ycic1p43sN4KlzK9MX4G
1996,Haloo Helsinki!,Beibi,Haloo Helsinki! Beibi,4zD8z85QgLsmM7vbnkTMCb
1996,JVG,Ikuinen vappu,JVG Ikuinen vappu,4ycKgmGOtvuJZVPyvBpVVU
1996,Lordi,Hard Rock Hallelujah,Lordi Hard Rock Hallelujah,7sZTvm0Sx8umbyQViTE2Qc
1996,Nightwish,Nemo,Nightwish Nemo,1RNwniZkJqdw9LMkkyynjx
1997,Aki Sirkesalo,Naispaholainen,Aki Sirkesalo Naispaholainen,6NnlKsBKcZjwRkG85lZALl
1997,Bomfunk MC's,Freestyler,Bomfunk MC's Freestyler,2vlgOAH3M8Fmo19wOjeRyw
1997,Cha Cha Cha,Käärijä,Cha Cha Cha Käärijä,
1997,Cheek,Timantit on ikuisia,Cheek Timantit on ikuisia,0wrhLxy4aDAQ0z3FOa4aoe
1997,Darude,Sandstorm,Darude Sandstorm,6Sy9BUbgFse0n0LPA5lwy5
1997,Dingo,Levoton Tuhkimo,Dingo Levoton Tuhkimo,30Ycic1p43sN4KlzK9MX4G
1997,Haloo Helsinki!,Beibi,Haloo Helsinki! Beibi,4zD8z85QgLsmM7vbnkTMCb
1997,JVG,Ikuinen vappu,JVG Ikuinen vappu,4ycKgmGOtvuJZVPyvBpVVU
1997,Lordi,Hard Rock Hallelujah,Lordi Hard Rock Hallelujah,7sZTvm0Sx8umbyQViTE2Qc
1997,Nightwish,Nemo,Nightwish Nemo,1RNwniZkJqdw9LMkkyynjx
1998,Aki Sirkesalo,Naispaholainen,Aki Sirkesalo Naispaholainen,6NnlKsBKcZjwRkG85lZALl
1998,Bomfunk MC's,Freestyler,Bomfunk MC's Freestyler,2vlgOAH3M8Fmo19wOjeRyw
1998,Cha Cha Cha,Käärijä,Cha Cha Cha Käärijä,
1998,Cheek,Timantit on ikuisia,Cheek Timantit on ikuisia,0wrhLxy4aDAQ0z3FOa4aoe
1998,Darude,Sandstorm,Darude Sandstorm,6Sy9BUbgFse0n0LPA5lwy5
1998,Dingo,Levoton Tuhkimo,Dingo Levoton Tuhkimo,30Ycic1p43sN4KlzK9MX4G
1998,Haloo Helsinki!,Beibi,Haloo Helsinki! Beibi,4zD8z85QgLsmM7vbnkTMCb
1998,JVG,Ikuinen vappu,JVG Ikuinen vappu,4ycKgmGOtvuJZVPyvBpVVU
1998,Lordi,Hard Rock Hallelujah,Lordi Hard Rock Hallelujah,7sZTvm0Sx8umbyQViTE2Qc
1998,Nightwish,Nemo,Nightwish Nemo,1RNwniZkJqdw9LMkkyynjx
1999,Aki Sirkesalo,Naispaholainen,Aki Sirkesalo Naispaholainen,6NnlKsBKcZjwRkG85lZALl
1999,Bomfunk MC's,Freestyler,Bomfunk MC's Freestyler,2vlgOAH3M8Fmo19wOjeRyw
1999,Cha Cha Cha,Käärijä,Cha Cha Cha Käärijä,
1999,Cheek,Timantit on ikuisia,Cheek Timantit on ikuisia,0wrhLxy4aDAQ0z3FOa4aoe
1999,Darude,Sandstorm,Darude Sandstorm,6Sy9BUbgFse0n0LPA5lwy5
1999,Dingo,Levoton Tuhkimo,Dingo Levoton Tuhkimo,30Ycic1p43sN4KlzK9MX4G
1999,Haloo Helsinki!,Beibi,Haloo Helsinki! Beibi,4zD8z85QgLsmM7vbnkTMCb
1999,JVG,Ikuinen vappu,JVG Ikuinen vappu,4ycKgmGOtvuJZVPyvBpVVU
1999,Lordi,Hard Rock Hallelujah,Lordi Hard Rock Hallelujah,7sZTvm0Sx8umbyQViTE2Qc
1999,Nightwish,Nemo,Nightwish Nemo,1RNwniZkJqdw9LMkkyynjx
2000,Aki Sirkesalo,Naispaholainen,Aki Sirkesalo Naispaholainen,6NnlKsBKcZjwRkG85lZALl
2000,Bomfunk MC's,Freestyler,Bomfunk MC's Freestyler,2vlgOAH3M8Fmo19wOjeRyw
2000,Cha Cha Cha,Käärijä,Cha Cha Cha Käärijä,
2000,Cheek,Timantit on ikuisia,Cheek Timantit on ikuisia,0wrhLxy4aDAQ0z3FOa4aoe
2000,Darude,Sandstorm,Darude Sandstorm,6Sy9BUbgFse0n0LPA5lwy5
2000,Dingo,Levoton Tuhkimo,Dingo Levoton Tuhkimo,30Ycic1p43sN4KlzK9MX4G
2000,Haloo Helsinki!,Beibi,Haloo Helsinki! Beibi,4zD8z85QgLsmM7vbnkTMCb
2000,JVG,Ikuinen vappu,JVG Ikuinen vappu,4ycKgmGOtvuJZVPyvBpVVU
2000,Lordi,Hard Rock Hallelujah,Lordi Hard Rock Hallelujah,7sZTvm0Sx8umbyQViTE2Qc
2000,Nightwish,Nemo,Nightwish Nemo,1RNwniZkJqdw9LMkkyynjx
2001,Aki Sirkesalo,Naispaholainen,Aki Sirkesalo Naispaholainen,6NnlKsBKcZjwRkG85lZALl
2001,Bomfunk MC's,Freestyler,Bomfunk MC's Freestyler,2vlgOAH3M8Fmo19wOjeRyw
2001,Cha Cha Cha,Käärijä,Cha Cha Cha Käärijä,
2001,Cheek,Timantit on ikuisia,Cheek Timantit on ikuisia,0wrhLxy4aDAQ0z3FOa4aoe
2001,Darude,Sandstorm,Darude Sandstorm,6Sy9BUbgFse0n0LPA5lwy5
2001,Dingo,Levoton Tuhkimo,Dingo Levoton Tuhkimo,30Ycic1p43sN4KlzK9MX4G
2001,Haloo Helsinki!,Beibi,Haloo Helsinki! Beibi,4zD8z85QgLsmM7vbnkTMCb
2001,JVG,Ikuinen vappu,JVG Ikuinen vappu,4ycKgmGOtvuJZVPyvBpVVU
2001,Lordi,Hard Rock Hallelujah,Lordi Hard Rock Hallelujah,7sZTvm0Sx8umbyQViTE2Qc
2001,Nightwish,Nemo,Nightwish Nemo,1RNwniZkJqdw9LMkkyynjx
2002,Aki Sirkesalo,Naispaholainen,Aki Sirkesalo Naispaholainen,6NnlKsBKcZjwRkG85lZALl
2002,Bomfunk MC's,Freestyler,Bomfunk MC's Freestyler,2vlgOAH3M8Fmo19wOjeRyw
2002,Cha Cha Cha,Käärijä,Cha Cha Cha Käärijä,
2002,Cheek,Timantit on ikuisia,Cheek Timantit on ikuisia,0wrhLxy4aDAQ0z3FOa4aoe
2002,Darude,Sandstorm,Darude Sandstorm,6Sy9BUbgFse0n0LPA5lwy5
2002,Dingo,Levoton Tuhkimo,Dingo Levoton Tuhkimo,30Ycic1p43sN4KlzK9MX4G
2002,Haloo Helsinki!,Beibi,Haloo Helsinki! Beibi,4zD8z85QgLsmM7vbnkTMCb
2002,JVG,Ikuinen vappu,JVG Ikuinen vappu,4ycKgmGOtvuJZVPyvBpVVU
2002,Lordi,Hard Rock Hallelujah,Lordi Hard Rock Hallelujah,7sZTvm0Sx8umbyQViTE2Qc
2002,Nightwish,Nemo,Nightwish Nemo,1RNwniZkJqdw9LMkkyynjx
2003,Aki Sirkesalo,Naispaholainen,Aki Sirkesalo Naispaholainen,6NnlKsBKcZjwRkG85lZALl
2003,Bomfunk MC's,Freestyler,Bomfunk MC's Freestyler,2vlgOAH3M8Fmo19wOjeRyw
2003,Cha Cha Cha,Käärijä,Cha Cha Cha Käärijä,
2003,Cheek,Timantit on ikuisia,Cheek Timantit on ikuisia,0wrhLxy4aDAQ0z3FOa4aoe
2003,Darude,Sandstorm,Darude Sandstorm,6Sy9BUbgFse0n0LPA5lwy5
2003,Dingo,Levoton Tuhkimo,Dingo Levoton Tuhkimo,30Ycic1p43sN4KlzK9MX4G
2003,Haloo Helsinki!,Beibi,Haloo Helsinki! Beibi,4zD8z85QgLsmM7vbnkTMCb
2003,JVG,Ikuinen vappu,JVG Ikuinen vappu,4ycKgmGOtvuJZVPyvBpVVU
2003,Lordi,Hard Rock Hallelujah,Lordi Hard Rock Hallelujah,7sZTvm0Sx8umbyQViTE2Qc
2003,Nightwish,Nemo,Nightwish Nemo,1RNwniZkJqdw9LMkkyynjx
2004,Aki Sirkesalo,Naispaholainen,Aki Sirkesalo Naispaholainen,6NnlKsBKcZjwRkG85lZALl
2004,Bomfunk MC's,Freestyler,Bomfunk MC's Freestyler,2vlgOAH3M8Fmo19wOjeRyw
2004,Cha Cha Cha,Käärijä,Cha Cha Cha Käärijä,
2004,Cheek,Timantit on ikuisia,Cheek Timantit on ikuisia,0wrhLxy4aDAQ0z3FOa4aoe
2004,Darude,Sandstorm,Darude Sandstorm,6Sy9BUbgFse0n0LPA5lwy5
2004,Dingo,Levoton Tuhkimo,Dingo Levoton Tuhkimo,30Ycic1p43sN4KlzK9MX4G
2004,Haloo Helsinki!,Beibi,Haloo Helsinki! Beibi,4zD8z85QgLsmM7vbnkTMCb
2004,JVG,Ikuinen vappu,JVG Ikuinen vappu,4ycKgmGOtvuJZVPyvBpVVU
2004,Lordi,Hard Rock Hallelujah,Lordi Hard Rock Hallelujah,7sZTvm0Sx8umbyQViTE2Qc
2004,Nightwish,Nemo,Nightwish Nemo,1RNwniZkJqdw9LMkkyynjx
2005,Aki Sirkesalo,Naispaholainen,Aki Sirkesalo Naispaholainen,6NnlKsBKcZjwRkG85lZALl
2005,Bomfunk MC's,Freestyler,Bomfunk MC's Freestyler,2vlgOAH3M8Fmo19wOjeRyw
2005,Cha Cha Cha,Käärijä,Cha Cha Cha Käärijä,
2005,Cheek,Timantit on ikuisia,Cheek Timantit on ikuisia,0wrhLxy4aDAQ0z3FOa4aoe
2005,Darude,Sandstorm,Darude Sandstorm,6Sy9BUbgFse0n0LPA5lwy5
2005,Dingo,Levoton Tuhkimo,Dingo Levoton Tuhkimo,30Ycic1p43sN4KlzK9MX4G
2005,Haloo Helsinki!,Beibi,Haloo Helsinki! Beibi,4zD8z85QgLsmM7vbnkTMCb
2005,JVG,Ikuinen vappu,JVG Ikuinen vappu,4ycKgmGOtvuJZVPyvBpVVU
2005,Lordi,Hard Rock Hallelujah,Lordi Hard Rock Hallelujah,7sZTvm0Sx8umbyQViTE2Qc
2005,Nightwish,Nemo,Nightwish Nemo,1RNwniZkJqdw9LMkkyynjx
2006,Aki Sirkesalo,Naispaholainen,Aki Sirkesalo Naispaholainen,6NnlKsBKcZjwRkG85lZALl
2006,Bomfunk MC's,Freestyler,Bomfunk MC's Freestyler,2vlgOAH3M8Fmo19wOjeRyw
2006,Cha Cha Cha,Käärijä,Cha Cha Cha Käärijä,
2006,Cheek,Timantit on ikuisia,Cheek Timantit on ikuisia,0wrhLxy4aDAQ0z3FOa4aoe
2006,Darude,Sandstorm,Darude Sandstorm,6Sy9BUbgFse0n0LPA5lwy5
2006,Dingo,Levoton Tuhkimo,Dingo Levoton Tuhkimo,30Ycic1p43sN4KlzK9MX4G
2006,Haloo Helsinki!,Beibi,Haloo Helsinki! Beibi,4zD8z85QgLsmM7vbnkTMCb
2006,JVG,Ikuinen vappu,JVG Ikuinen vappu,4ycKgmGOtvuJZVPyvBpVVU
2006,Lordi,Hard Rock Hallelujah,Lordi Hard Rock Hallelujah,7sZTvm0Sx8umbyQViTE2Qc
2006,Nightwish,Nemo,Nightwish Nemo,1RNwniZkJqdw9LMkkyynjx
2007,Aki Sirkesalo,Naispaholainen,Aki Sirkesalo Naispaholainen,6NnlKsBKcZjwRkG85lZALl
2007,Bomfunk MC's,Freestyler,Bomfunk MC's Freestyler,2vlgOAH3M8Fmo19wOjeRyw
2007,Cha Cha Cha,Käärijä,Cha Cha Cha Käärijä,
2007,Cheek,Timantit on ikuisia,Cheek Timantit on ikuisia,0wrhLxy4aDAQ0z3FOa4aoe
2007,Darude,Sandstorm,Darude Sandstorm,6Sy9BUbgFse0n0LPA5lwy5
2007,Dingo,Levoton Tuhkimo,Dingo Levoton Tuhkimo,30Ycic1p43sN4KlzK9MX4G
2007,Haloo Helsinki!,Beibi,Haloo Helsinki! Beibi,4zD8z85QgLsmM7vbnkTMCb
2007,JVG,Ikuinen vappu,JVG Ikuinen vappu,4ycKgmGOtvuJZVPyvBpVVU
2007,Lordi,Hard Rock Hallelujah,Lordi Hard Rock Hallelujah,7sZTvm0Sx8umbyQViTE2Qc
2007,Nightwish,Nemo,Nightwish Nemo,1RNwniZkJqdw9LMkkyynjx
2008,Aki Sirkesalo,Naispaholainen,Aki Sirkesalo Naispaholainen,6NnlKsBKcZjwRkG85lZALl
2008,Bomfunk MC's,Freestyler,Bomfunk MC's Freestyler,2vlgOAH3M8Fmo19wOjeRyw
2008,Cha Cha Cha,Käärijä,Cha Cha Cha Käärijä,
2008,Cheek,Timantit on ikuisia,Cheek Timantit on ikuisia,0wrhLxy4aDAQ0z3FOa4aoe
2008,Darude,Sandstorm,Darude Sandstorm,6Sy9BUbgFse0n0LPA5lwy5
2008,Dingo,Levoton Tuhkimo,Dingo Levoton Tuhkimo,30Ycic1p43sN4KlzK9MX4G
2008,Haloo Helsinki!,Beibi,Haloo Helsinki! Beibi,4zD8z85QgLsmM7vbnkTMCb
2008,JVG,Ikuinen vappu,JVG Ikuinen vappu,4ycKgmGOtvuJZVPyvBpVVU
2008,Lordi,Hard Rock Hallelujah,Lordi Hard Rock Hallelujah,7sZTvm0Sx8umbyQViTE2Qc
2008,Nightwish,Nemo,Nightwish Nemo,1RNwniZkJqdw9LMkkyynjx
2009,Aki Sirkesalo,Naispaholainen,Aki Sirkesalo Naispaholainen,6NnlKsBKcZjwRkG85lZALl
2009,Bomfunk MC's,Freestyler,Bomfunk MC's Freestyler,2vlgOAH3M8Fmo19wOjeRyw
2009,Cha Cha Cha,Käärijä,Cha Cha Cha Käärijä,
2009,Cheek,Timantit on ikuisia,Cheek Timantit on ikuisia,0wrhLxy4aDAQ0z3FOa4aoe
2009,Darude,Sandstorm,Darude Sandstorm,6Sy9BUbgFse0n0LPA5lwy5
2009,Dingo,Levoton Tuhkimo,Dingo Levoton Tuhkimo,30Ycic1p43sN4KlzK9MX4G
2009,Haloo Helsinki!,Beibi,Haloo Helsinki! Beibi,4zD8z85QgLsmM7vbnkTMCb
2009,JVG,Ikuinen vappu,JVG Ikuinen vappu,4ycKgmGOtvuJZVPyvBpVVU
2009,Lordi,Hard Rock Hallelujah,Lordi Hard Rock Hallelujah,7sZTvm0Sx8umbyQViTE2Qc
2009,Nightwish,Nemo,Nightwish Nemo,1RNwniZkJqdw9LMkkyynjx
2010,Aki Sirkesalo,Naispaholainen,Aki Sirkesalo Naispaholainen,6NnlKsBKcZjwRkG85lZALl
2010,Bomfunk MC's,Freestyler,Bomfunk MC's Freestyler,2vlgOAH3M8Fmo19wOjeRyw
2010,Cha Cha Cha,Käärijä,Cha Cha Cha Käärijä,
2010,Cheek,Timantit on ikuisia,Cheek Timantit on ikuisia,0wrhLxy4aDAQ0z3FOa4aoe
2010,Darude,Sandstorm,Darude Sandstorm,6Sy9BUbgFse0n0LPA5lwy5
2010,Dingo,Levoton Tuhkimo,Dingo Levoton Tuhkimo,30Ycic1p43sN4KlzK9MX4G
2010,Haloo Helsinki!,Beibi,Haloo Helsinki! Beibi,4zD8z85QgLsmM7vbnkTMCb
2010,JVG,Ikuinen vappu,JVG Ikuinen vappu,4ycKgmGOtvuJZVPyvBpVVU
2010,Lordi,Hard Rock Hallelujah,Lordi Hard Rock Hallelujah,7sZTvm0Sx8umbyQViTE2Qc
2010,Nightwish,Nemo,Nightwish Nemo,1RNwniZkJqdw9LMkkyynjx
2011,Aki Sirkesalo,Naispaholainen,Aki Sirkesalo Naispaholainen,6NnlKsBKcZjwRkG85lZALl
2011,Bomfunk MC's,Freestyler,Bomfunk MC's Freestyler,2vlgOAH3M8Fmo19wOjeRyw
2011,Cha Cha Cha,Käärijä,Cha Cha Cha Käärijä,
2011,Cheek,Timantit on ikuisia,Cheek Timantit on ikuisia,0wrhLxy4aDAQ0z3FOa4aoe
2011,Darude,Sandstorm,Darude Sandstorm,6Sy9BUbgFse0n0LPA5lwy5
2011,Dingo,Levoton Tuhkimo,Dingo Levoton Tuhkimo,30Ycic1p43sN4KlzK9MX4G
2011,Haloo Helsinki!,Beibi,Haloo Helsinki! Beibi,4zD8z85QgLsmM7vbnkTMCb
2011,JVG,Ikuinen vappu,JVG Ikuinen vappu,4ycKgmGOtvuJZVPyvBpVVU
2011,Lordi,Hard Rock Hallelujah,Lordi Hard Rock Hallelujah,7sZTvm0Sx8umbyQViTE2Qc
2011,Nightwish,Nemo,Nightwish Nemo,1RNwniZkJqdw9LMkkyynjx
2012,Aki Sirkesalo,Naispaholainen,Aki Sirkesalo Naispaholainen,6NnlKsBKcZjwRkG85lZALl
2012,Bomfunk MC's,Freestyler,Bomfunk MC's Freestyler,2vlgOAH3M8Fmo19wOjeRyw
2012,Cha Cha Cha,Käärijä,Cha Cha Cha Käärijä,
2012,Cheek,Timantit on ikuisia,Cheek Timantit on ikuisia,0wrhLxy4aDAQ0z3FOa4aoe
2012,Darude,Sandstorm,Darude Sandstorm,6Sy9BUbgFse0n0LPA5lwy5
2012,Dingo,Levoton Tuhkimo,Dingo Levoton Tuhkimo,30Ycic1p43sN4KlzK9MX4G
2012,Haloo Helsinki!,Beibi,Haloo Helsinki! Beibi,4zD8z85QgLsmM7vbnkTMCb
2012,JVG,Ikuinen vappu,JVG Ikuinen vappu,4ycKgmGOtvuJZVPyvBpVVU
2012,Lordi,Hard Rock Hallelujah,Lordi Hard Rock Hallelujah,7sZTvm0Sx8umbyQViTE2Qc
2012,Nightwish,Nemo,Nightwish Nemo,1RNwniZkJqdw9LMkkyynjx
2013,Aki Sirkesalo,Naispaholainen,Aki Sirkesalo Naispaholainen,6NnlKsBKcZjwRkG85lZALl
2013,Bomfunk MC's,Freestyler,Bomfunk MC's Freestyler,2vlgOAH3M8Fmo19wOjeRyw
2013,Cha Cha Cha,Käärijä,Cha Cha Cha Käärijä,
2013,Cheek,Timantit on ikuisia,Cheek Timantit on ikuisia,0wrhLxy4aDAQ0z3FOa4aoe
2013,Darude,Sandstorm,Darude Sandstorm,6Sy9BUbgFse0n0LPA5lwy5
2013,Dingo,Levoton Tuhkimo,Dingo Levoton Tuhkimo,30Ycic1p43sN4KlzK9MX4G
2013,Haloo Helsinki!,Beibi,Haloo Helsinki! Beibi,4zD8z85QgLsmM7vbnkTMCb
2013,JVG,Ikuinen vappu,JVG Ikuinen vappu,4ycKgmGOtvuJZVPyvBpVVU
2013,Lordi,Hard Rock Hallelujah,Lordi Hard Rock Hallelujah,7sZTvm0Sx8umbyQViTE2Qc
2013,Nightwish,Nemo,Nightwish Nemo,1RNwniZkJqdw9LMkkyynjx
2014,Aki Sirkesalo,Naispaholainen,Aki Sirkesalo Naispaholainen,6NnlKsBKcZjwRkG85lZALl
2014,Bomfunk MC's,Freestyler,Bomfunk MC's Freestyler,2vlgOAH3M8Fmo19wOjeRyw
2014,Cha Cha Cha,Käärijä,Cha Cha Cha Käärijä,
2014,Cheek,Timantit on ikuisia,Cheek Timantit on ikuisia,0wrhLxy4aDAQ0z3FOa4aoe
2014,Darude,Sandstorm,Darude Sandstorm,6Sy9BUbgFse0n0LPA5lwy5
2014,Dingo,Levoton Tuhkimo,Dingo Levoton Tuhkimo,30Ycic1p43sN4KlzK9MX4G
2014,Haloo Helsinki!,Beibi,Haloo Helsinki! Beibi,4zD8z85QgLsmM7vbnkTMCb
2014,JVG,Ikuinen vappu,JVG Ikuinen vappu,4ycKgmGOtvuJZVPyvBpVVU
2014,Lordi,Hard Rock Hallelujah,Lordi Hard Rock Hallelujah,7sZTvm0Sx8umbyQViTE2Qc
2014,Nightwish,Nemo,Nightwish Nemo,1RNwniZkJqdw9LMkkyynjx
2015,Aki Sirkesalo,Naispaholainen,Aki Sirkesalo Naispaholainen,6NnlKsBKcZjwRkG85lZALl
2015,Bomfunk MC's,Freestyler,Bomfunk MC's Freestyler,2vlgOAH3M8Fmo19wOjeRyw
2015,Cha Cha Cha,Käärijä,Cha Cha Cha Käärijä,
2015,Cheek,Timantit on ikuisia,Cheek Timantit on ikuisia,0wrhLxy4aDAQ0z3FOa4aoe
2015,Darude,Sandstorm,Darude Sandstorm,6Sy9BUbgFse0n0LPA5lwy5
2015,Dingo,Levoton Tuhkimo,Dingo Levoton Tuhkimo,30Ycic1p43sN4KlzK9MX4G
2015,Haloo Helsinki!,Beibi,Haloo Helsinki! Beibi,4zD8z85QgLsmM7vbnkTMCb
2015,JVG,Ikuinen vappu,JVG Ikuinen vappu,4ycKgmGOtvuJZVPyvBpVVU
2015,Lordi,Hard Rock Hallelujah,Lordi Hard Rock Hallelujah,7sZTvm0Sx8umbyQViTE2Qc
2015,Nightwish,Nemo,Nightwish Nemo,1RNwniZkJqdw9LMkkyynjx
2016,Aki Sirkesalo,Naispaholainen,Aki Sirkesalo Naispaholainen,6NnlKsBKcZjwRkG85lZALl
2016,Bomfunk MC's,Freestyler,Bomfunk MC's Freestyler,2vlgOAH3M8Fmo19wOjeRyw
2016,Cha Cha Cha,Käärijä,Cha Cha Cha Käärijä,
2016,Cheek,Timantit on ikuisia,Cheek Timantit on ikuisia,0wrhLxy4aDAQ0z3FOa4aoe
2016,Darude,Sandstorm,Darude Sandstorm,6Sy9BUbgFse0n0LPA5lwy5
2016,Dingo,Levoton Tuhkimo,Dingo Levoton Tuhkimo,30Ycic1p43sN4KlzK9MX4G
2016,Haloo Helsinki!,Beibi,Haloo Helsinki! Beibi,4zD8z85QgLsmM7vbnkTMCb
2016,JVG,Ikuinen vappu,JVG Ikuinen vappu,4ycKgmGOtvuJZVPyvBpVVU
2016,Lordi,Hard Rock Hallelujah,Lordi Hard Rock Hallelujah,7sZTvm0Sx8umbyQViTE2Qc
2016,Nightwish,Nemo,Nightwish Nemo,1RNwniZkJqdw9LMkkyynjx
2017,Aki Sirkesalo,Naispaholainen,Aki Sirkesalo Naispaholainen,6NnlKsBKcZjwRkG85lZALl
2017,Bomfunk MC's,Freestyler,Bomfunk MC's Freestyler,2vlgOAH3M8Fmo19wOjeRyw
2017,Cha Cha Cha,Käärijä,Cha Cha Cha Käärijä,
2017,Cheek,Timantit on ikuisia,Cheek Timantit on ikuisia,0wrhLxy4aDAQ0z3FOa4aoe
2017,Darude,Sandstorm,Darude Sandstorm,6Sy9BUbgFse0n0LPA5lwy5
2017,Dingo,Levoton Tuhkimo,Dingo Levoton Tuhkimo,30Ycic1p43sN4KlzK9MX4G
2017,Haloo Helsinki!,Beibi,Haloo Helsinki! Beibi,4zD8z85QgLsmM7vbnkTMCb
2017,JVG,Ikuinen vappu,JVG Ikuinen vappu,4ycKgmGOtvuJZVPyvBpVVU
2017,Lordi,Hard Rock Hallelujah,Lordi Hard Rock Hallelujah,7sZTvm0Sx8umbyQViTE2Qc
2017,Nightwish,Nemo,Nightwish Nemo,1RNwniZkJqdw9LMkkyynjx
2018,Aki Sirkesalo,Naispaholainen,Aki Sirkesalo Naispaholainen,6NnlKsBKcZjwRkG85lZALl
2018,Bomfunk MC's,Freestyler,Bomfunk MC's Freestyler,2vlgOAH3M8Fmo19wOjeRyw
2018,Cha Cha Cha,Käärijä,Cha Cha Cha Käärijä,
2018,Cheek,Timantit on ikuisia,Cheek Timantit on ikuisia,0wrhLxy4aDAQ0z3FOa4aoe
2018,Darude,Sandstorm,Darude Sandstorm,6Sy9BUbgFse0n0LPA5lwy5
2018,Dingo,Levoton Tuhkimo,Dingo Levoton Tuhkimo,30Ycic1p43sN4KlzK9MX4G
2018,Haloo Helsinki!,Beibi,Haloo Helsinki! Beibi,4zD8z85QgLsmM7vbnkTMCb
2018,JVG,Ikuinen vappu,JVG Ikuinen vappu,4ycKgmGOtvuJZVPyvBpVVU
2018,Lordi,Hard Rock Hallelujah,Lordi Hard Rock Hallelujah,7sZTvm0Sx8umbyQViTE2Qc
2018,Nightwish,Nemo,Nightwish Nemo,1RNwniZkJqdw9LMkkyynjx
2019,Aki Sirkesalo,Naispaholainen,Aki Sirkesalo Naispaholainen,6NnlKsBKcZjwRkG85lZALl
2019,Bomfunk MC's,Freestyler,Bomfunk MC's Freestyler,2vlgOAH3M8Fmo19wOjeRyw
2019,Cha Cha Cha,Käärijä,Cha Cha Cha Käärijä,
2019,Cheek,Timantit on ikuisia,Cheek Timantit on ikuisia,0wrhLxy4aDAQ0z3FOa4aoe
2019,Darude,Sandstorm,Darude Sandstorm,6Sy9BUbgFse0n0LPA5lwy5
2019,Dingo,Levoton Tuhkimo,Dingo Levoton Tuhkimo,30Ycic1p43sN4KlzK9MX4G
2019,Haloo Helsinki!,Beibi,Haloo Helsinki! Beibi,4zD8z85QgLsmM7vbnkTMCb
2019,JVG,Ikuinen vappu,JVG Ikuinen vappu,4ycKgmGOtvuJZVPyvBpVVU
2019,Lordi,Hard Rock Hallelujah,Lordi Hard Rock Hallelujah,7sZTvm0Sx8umbyQViTE2Qc
2019,Nightwish,Nemo,Nightwish Nemo,1RNwniZkJqdw9LMkkyynjx
2020,Aki Sirkesalo,Naispaholainen,Aki Sirkesalo Naispaholainen,6NnlKsBKcZjwRkG85lZALl
2020,Bomfunk MC's,Freestyler,Bomfunk MC's Freestyler,2vlgOAH3M8Fmo19wOjeRyw
2020,Cha Cha Cha,Käärijä,Cha Cha Cha Käärijä,
2020,Cheek,Timantit on ikuisia,Cheek Timantit on ikuisia,0wrhLxy4aDAQ0z3FOa4aoe
2020,Darude,Sandstorm,Darude Sandstorm,6Sy9BUbgFse0n0LPA5lwy5
2020,Dingo,Levoton Tuhkimo,Dingo Levoton Tuhkimo,30Ycic1p43sN4KlzK9MX4G
2020,Haloo Helsinki!,Beibi,Haloo Helsinki! Beibi,4zD8z85QgLsmM7vbnkTMCb
2020,JVG,Ikuinen vappu,JVG Ikuinen vappu,4ycKgmGOtvuJZVPyvBpVVU
2020,Lordi,Hard Rock Hallelujah,Lordi Hard Rock Hallelujah,7sZTvm0Sx8umbyQViTE2Qc
2020,Nightwish,Nemo,Nightwish Nemo,1RNwniZkJqdw9LMkkyynjx
2021,Aki Sirkesalo,Naispaholainen,Aki Sirkesalo Naispaholainen,6NnlKsBKcZjwRkG85lZALl
2021,Bomfunk MC's,Freestyler,Bomfunk MC's Freestyler,2vlgOAH3M8Fmo19wOjeRyw
2021,Cha Cha Cha,Käärijä,Cha Cha Cha Käärijä,
2021,Cheek,Timantit on ikuisia,Cheek Timantit on ikuisia,0wrhLxy4aDAQ0z3FOa4aoe
2021,Darude,Sandstorm,Darude Sandstorm,6Sy9BUbgFse0n0LPA5lwy5
2021,Dingo,Levoton Tuhkimo,Dingo Levoton Tuhkimo,30Ycic1p43sN4KlzK9MX4G
2021,Haloo Helsinki!,Beibi,Haloo Helsinki! Beibi,4zD8z85QgLsmM7vbnkTMCb
2021,JVG,Ikuinen vappu,JVG Ikuinen vappu,4ycKgmGOtvuJZVPyvBpVVU
2021,Lordi,Hard Rock Hallelujah,Lordi Hard Rock Hallelujah,7sZTvm0Sx8umbyQViTE2Qc
2021,Nightwish,Nemo,Nightwish Nemo,1RNwniZkJqdw9LMkkyynjx
2022,Aki Sirkesalo,Naispaholainen,Aki Sirkesalo Naispaholainen,6NnlKsBKcZjwRkG85lZALl
2022,Bomfunk MC's,Freestyler,Bomfunk MC's Freestyler,2vlgOAH3M8Fmo19wOjeRyw
2022,Cha Cha Cha,Käärijä,Cha Cha Cha Käärijä,
2022,Cheek,Timantit on ikuisia,Cheek Timantit on ikuisia,0wrhLxy4aDAQ0z3FOa4aoe
2022,Darude,Sandstorm,Darude Sandstorm,6Sy9BUbgFse0n0LPA5lwy5
2022,Dingo,Levoton Tuhkimo,Dingo Levoton Tuhkimo,30Ycic1p43sN4KlzK9MX4G
2022,Haloo Helsinki!,Beibi,Haloo Helsinki! Beibi,4zD8z85QgLsmM7vbnkTMCb
2022,JVG,Ikuinen vappu,JVG Ikuinen vappu,4ycKgmGOtvuJZVPyvBpVVU
2022,Lordi,Hard Rock Hallelujah,Lordi Hard Rock Hallelujah,7sZTvm0Sx8umbyQViTE2Qc
2022,Nightwish,Nemo,Nightwish Nemo,1RNwniZkJqdw9LMkkyynjx
2023,Aki Sirkesalo,Naispaholainen,Aki Sirkesalo Naispaholainen,6NnlKsBKcZjwRkG85lZALl
2023,Bomfunk MC's,Freestyler,Bomfunk MC's Freestyler,2vlgOAH3M8Fmo19wOjeRyw
2023,Cha Cha Cha,Käärijä,Cha Cha Cha Käärijä,
2023,Cheek,Timantit on ikuisia,Cheek Timantit on ikuisia,0wrhLxy4aDAQ0z3FOa4aoe
2023,Darude,Sandstorm,Darude Sandstorm,6Sy9BUbgFse0n0LPA5lwy5
2023,Dingo,Levoton Tuhkimo,Dingo Levoton Tuhkimo,30Ycic1p43sN4KlzK9MX4G
2023,Haloo Helsinki!,Beibi,Haloo Helsinki! Beibi,4zD8z85QgLsmM7vbnkTMCb
2023,JVG,Ikuinen vappu,JVG Ikuinen vappu,4ycKgmGOtvuJZVPyvBpVVU
2023,Lordi,Hard Rock Hallelujah,Lordi Hard Rock Hallelujah,7sZTvm0Sx8umbyQViTE2Qc
2023,Nightwish,Nemo,Nightwish Nemo,1RNwniZkJqdw9LMkkyynjx
2024,Aki Sirkesalo,Naispaholainen,Aki Sirkesalo Naispaholainen,6NnlKsBKcZjwRkG85lZALl
2024,Bomfunk MC's,Freestyler,Bomfunk MC's Freestyler,2vlgOAH3M8Fmo19wOjeRyw
2024,Cha Cha Cha,Käärijä,Cha Cha Cha Käärijä,
2024,Cheek,Timantit on ikuisia,Cheek Timantit on ikuisia,0wrhLxy4aDAQ0z3FOa4aoe
2024,Darude,Sandstorm,Darude Sandstorm,6Sy9BUbgFse0n0LPA5lwy5
2024,Dingo,Levoton Tuhkimo,Dingo Levoton Tuhkimo,30Ycic1p43sN4KlzK9MX4G
2024,Haloo Helsinki!,Beibi,Haloo Helsinki! Beibi,4zD8z85QgLsmM7vbnkTMCb
2024,JVG,Ikuinen vappu,JVG Ikuinen vappu,4ycKgmGOtvuJZVPyvBpVVU
2024,Lordi,Hard Rock Hallelujah,Lordi Hard Rock Hallelujah,7sZTvm0Sx8umbyQViTE2Qc
2024,Nightwish,Nemo,Nightwish Nemo,1RNwniZkJqdw9LMkkyynjx
2025,Aki Sirkesalo,Naispaholainen,Aki Sirkesalo Naispaholainen,6NnlKsBKcZjwRkG85lZALl
2025,Bomfunk MC's,Freestyler,Bomfunk MC's Freestyler,2vlgOAH3M8Fmo19wOjeRyw
2025,Cha Cha Cha,Käärijä,Cha Cha Cha Käärijä,
2025,Cheek,Timantit on ikuisia,Cheek Timantit on ikuisia,0wrhLxy4aDAQ0z3FOa4aoe
2025,Darude,Sandstorm,Darude Sandstorm,6Sy9BUbgFse0n0LPA5lwy5
2025,Dingo,Levoton Tuhkimo,Dingo Levoton Tuhkimo,30Ycic1p43sN4KlzK9MX4G
2025,Haloo Helsinki!,Beibi,Haloo Helsinki! Beibi,4zD8z85QgLsmM7vbnkTMCb
2025,JVG,Ikuinen vappu,JVG Ikuinen vappu,4ycKgmGOtvuJZVPyvBpVVU
2025,Lordi,Hard Rock Hallelujah,Lordi Hard Rock Hallelujah,7sZTvm0Sx8umbyQViTE2Qc
2025,Nightwish,Nemo,Nightwish Nemo,1RNwniZkJqdw9LMkkyynjx
